-- 5e_1_dostawcy

Utwórz tabele:

 

Produkty

 

    Kod całkowite, autnumerowanie, klucz podstawowy
    Nazwa tekst do 40 znaków

CREATE TABLE produkty(
    kod INT AUTO_INCREMENT PRIMARY KEY,
    nazwa varchar(40)
);

 

Dostawcy

 

    Kod tekst, 4 znaki, klucz podstawowy
    Nazwa tekst do 40 znaków

CREATE TABLE dostawcy(
    kod char(4) PRIMARY KEY,
    nazwa varchar(40)
);

 

Oferty

 

    Produkt całkowite
    Dostawca tekst, 4 znaki
    Cena całkowita
    Klucz podstawowy na polach produkt i dostawca
    produkt klucz obcy, odwołuje się do pola Kod w tabeli Produkty
    Dostawca klucz obcy, odwołuje się do pola Kod w tabeli Dostawcy


CREATE TABLE oferty(
    produkt INT,
    dostawca char(4),
    cena INT,
    PRIMARY KEY(produkt, dostawca),
    FOREIGN KEY(produkt) REFERENCES produkty(kod),
    FOREIGN KEY(dostawca) REFERENCES dostawcy(kod)
);



INSERT INTO Dostawcy(Kod, Nazwa) VALUES('HAL','Clarke Enterprises');

INSERT INTO Dostawcy(Kod, Nazwa) VALUES('RBT','Susan Calvin Corp.');
INSERT INTO Dostawcy(Kod, Nazwa) VALUES('TNBC','Skellington Supplies');

INSERT INTO Produkty(Kod, Nazwa) VALUES(1,'Sprocket');
INSERT INTO  Produkty(Kod, Nazwa) VALUES(2,'Screw');
INSERT INTO  Produkty(Kod, Nazwa) VALUES(3,'Nut');
INSERT INTO  Produkty(Kod, Nazwa) VALUES(4,'Bolt');

INSERT INTO Oferty(Produkt, Dostawca, Cena) VALUES(1,'HAL',10);
INSERT INTO Oferty(Produkt, Dostawca, Cena) VALUES(1,'RBT',15);
INSERT INTO Oferty(Produkt, Dostawca, Cena) VALUES(2,'HAL',20);
INSERT INTO Oferty(Produkt, Dostawca, Cena) VALUES(2,'RBT',15);
INSERT INTO Oferty(Produkt, Dostawca, Cena) VALUES(2,'TNBC',14);
INSERT INTO Oferty(Produkt, Dostawca, Cena) VALUES(3,'RBT',50);
INSERT INTO Oferty(Produkt, Dostawca, Cena) VALUES(3,'TNBC',45);
INSERT INTO Oferty(Produkt, Dostawca, Cena) VALUES(4,'HAL',5);
INSERT INTO Oferty(Produkt, Dostawca, Cena) VALUES(4,'RBT',7);
INSERT INTO Oferty(Produkt, Dostawca, Cena) VALUES(3, 'HAL', 50);

 

 

 

1. Wyświetl nazwy wszystkich produktów

SELECT nazwa
FROM produkty;

2. Wyświetl wszystkie dane dostawców
SELECT *
FROM dostawcy;

3. Dla każdego produktu wyświetl średnią cenę (pokaż kod produktu i średnią ceną, zmień nazwy wyświetlanych kolumn na kod_produktu i srednia_cena)

SELECT produkt AS kod_produktu, AVG(cena) AS srednia_cena
FROM oferty
GROUP BY produkt;


4. Wyświetl nazwy wszystkich Dostawców oferujących produkt o kodzie 1

SELECT nazwa
FROM dostawcy
    JOIN oferty ON oferty.dostawca = dostawcy.kod
WHERE produkt = 1;

5. Wyświetl nazwy wszystkich produktów oferowanych przez dostawcę o kodzie 'HAL'

6. Dla każdego produktu wyświetl najdroższą ofertę dostawy, pokaż nazwę produktu, nazwę dostawcy oraz cenę (zauważ, że może być więcej niż jeden dostawca oferujący produkty w tej samej, najdroższej cenie).

 

Wybierz nazwy produktów, nazwy dostawców i ceny o cenach równych

w podzapytaniu wybierz najwyższe ceny z tabeli Oferty dla produktów o kodzie z tabeli Oferty równym kodowi aktualnie sprawdzanego produktu (podzapytania skorelowane)

 

 

 

7. Dodaj Ofertę produktu o kodzie 1 dostawcy "Skellington Supplies"  o cenie 7.

 

8. Podnieś cenę wszystkich produktów o 1

9. Producent  "Susan Calvin Corp." nie będzie dostarczał już wkrętów  (bolt). Usuń właściwy wiersz z tabeli Oferty.

10. Usuń z bazy dostawcę o kodzie "RBT"

11. Usuwamy z oferty (tabela Oferty) nakrętki (nut). Właściwy kod produktu wyszukaj podzapytaniem.
